{"Train Loss": 0.24673094468958237, "_timestamp": 1684768078.1506224, "_runtime": 70.25766229629517, "_step": 3499, "Test Accuracy": 0.6386554621848739, "_wandb": {"runtime": 69}}