{"Train Accuracy": 0.9565217391304348, "_timestamp": 1684331865.9847074, "Test mean Accuracy": 0.9266304347826086, "_runtime": 60.95703840255737, "_step": 0, "_wandb": {"runtime": 59}}