{"Train Loss": 0.24562311172485352, "_timestamp": 1684768885.226682, "_runtime": 59.94457793235779, "_step": 3499, "Test Accuracy": 0.7142857142857143, "_wandb": {"runtime": 59}}