{"Train Loss": 0.24618718203376322, "_timestamp": 1684768454.8628745, "_runtime": 60.718576431274414, "_step": 3499, "Test Accuracy": 0.6974789915966386, "_wandb": {"runtime": 59}}