{"Train Loss": 0.24544401729808135, "_timestamp": 1684768333.3874967, "_runtime": 89.61368465423584, "_step": 3499, "Test Accuracy": 0.6890756302521008, "_wandb": {"runtime": 88}}