{"Train Loss": 0.24378302518059225, "_timestamp": 1684769013.1057594, "_runtime": 71.74855136871338, "_step": 3499, "Test Accuracy": 0.6722689075630253, "_wandb": {"runtime": 70}}