{"Train Accuracy": 1.0, "_timestamp": 1684331626.9704826, "Test mean Accuracy": 0.9157608695652174, "_runtime": 61.892547607421875, "_step": 0, "_wandb": {"runtime": 60}}