{"Train Accuracy": 0.9565217391304348, "_timestamp": 1684330024.7903624, "_runtime": 461.5408523082733, "_step": 9, "Test mean Accuracy": 0.803328804347826, "_wandb": {"runtime": 460}}