{"Train Accuracy": 0.9130434782608695, "_timestamp": 1684331764.172321, "Test mean Accuracy": 0.8597146739130435, "_runtime": 82.45901799201965, "_step": 0, "_wandb": {"runtime": 80}}