{"Train Loss": 0.24558807821834788, "_timestamp": 1684769307.1691835, "_runtime": 69.3434534072876, "_step": 3499, "Test Accuracy": 0.6974789915966386, "_wandb": {"runtime": 68}}