{"Train Accuracy": 0.8260869565217391, "_timestamp": 1684330400.8388736, "Test mean Accuracy": 0.8705842391304348, "_runtime": 74.4192886352539, "_step": 0, "_wandb": {"runtime": 73}}