{"Train Loss": 0.2453157200532801, "_timestamp": 1684768216.8789814, "_runtime": 99.11766123771667, "_step": 3499, "Test Accuracy": 0.6386554621848739, "_wandb": {"runtime": 98}}