{"Train Loss": 0.24592307034660787, "_timestamp": 1684769220.5630782, "_runtime": 64.08178806304932, "_step": 3499, "Test Accuracy": 0.7226890756302521, "_wandb": {"runtime": 63}}