{"Train Loss": 0.2474352051230038, "_timestamp": 1684768548.1561058, "_runtime": 68.20192384719849, "_step": 3499, "Test Accuracy": 0.6638655462184874, "_wandb": {"runtime": 67}}