{"Train Loss": 0.2477263001834645, "_timestamp": 1684767978.949042, "_runtime": 61.69988298416138, "_step": 3499, "Test Accuracy": 0.3277310924369748, "_wandb": {"runtime": 60}}