{"Train Accuracy": 1.0, "_timestamp": 1684329501.6685526, "_runtime": 134.06079959869385, "_step": 1, "_wandb": {"runtime": 163}}