{"Train Loss": 0.24592278985416188, "_timestamp": 1684769494.3206155, "_runtime": 96.52812051773071, "_step": 3499, "Test Accuracy": 0.7058823529411765, "_wandb": {"runtime": 95}}