{"Train Loss": 0.24648153080659754, "_timestamp": 1684768672.7622452, "_runtime": 95.84295511245728, "_step": 3499, "Test Accuracy": 0.6890756302521008, "_wandb": {"runtime": 94}}