{"Train Accuracy": 0.9130434782608695, "_timestamp": 1684332145.5531476, "Test mean Accuracy": 0.9235733695652174, "_runtime": 71.43140459060669, "_step": 0, "_wandb": {"runtime": 70}}